"Sex","Year","Age group","Mean height","Mean height lower 95% uncertainty interval","Mean height upper 95% uncertainty interval","Mean height standard error"
"Boys",1985,5,105.649051907163,105.159634784185,106.172845967581,0.258115468881896
"Boys",1985,6,111.635352279368,111.190655330914,112.078229912474,0.227526224720303
"Boys",1985,7,117.189490816527,116.778452633891,117.595601312668,0.210784409059478
"Boys",1985,8,122.438103089184,122.05442564335,122.825656620023,0.199455168402376
"Boys",1985,9,127.499794226058,127.131516641862,127.885537240298,0.194521725903132
"Boys",1985,10,132.708098710216,132.348383984949,133.076987066608,0.187002285793161
"Boys",1985,11,137.851396719953,137.49560104842,138.226860079261,0.186425086566355
"Boys",1985,12,143.666854322331,143.301068892286,144.04197441412,0.191759204933721
"Boys",1985,13,150.399507991058,150.013084868398,150.788763652228,0.197734572739209
"Boys",1985,14,156.700319445207,156.296445536936,157.109214624245,0.206760426809986
"Boys",1985,15,161.448063243123,161.030729681555,161.856797488686,0.208374899318063
"Boys",1985,16,164.298831793834,163.860760111192,164.739643247007,0.218638046726238
"Boys",1985,17,166.033273559121,165.577413705513,166.493445177835,0.230721405928717
"Boys",1985,18,167.120177445863,166.628614667906,167.604440504291,0.245360692897116
"Boys",1985,19,168.033587159066,167.510114411581,168.547378066797,0.263851151327143
"Boys",1986,5,105.708954865298,105.218835486081,106.230248988012,0.257771695257733
"Boys",1986,6,111.69069062681,111.255355116386,112.133559334795,0.226467241855311
"Boys",1986,7,117.232121121739,116.82505897208,117.640152290628,0.208762405102487
"Boys",1986,8,122.46589983186,122.077890460602,122.851093807015,0.19687561881179
"Boys",1986,9,127.518652640324,127.152428888185,127.897226028223,0.190496447744932
"Boys",1986,10,132.732890425319,132.382262886944,133.091282032912,0.181914793225486
"Boys",1986,11,137.885404549992,137.54273709861,138.247120561368,0.179727144828716
"Boys",1986,12,143.71849845132,143.372172762168,144.0801588263,0.183092554898357
"Boys",1986,13,150.461556602379,150.095494514111,150.83234275585,0.187923628938257
"Boys",1986,14,156.762318904571,156.378520609763,157.150058377853,0.196347955286518
"Boys",1986,15,161.508804059671,161.123262230028,161.900535670062,0.198320336214446
"Boys",1986,16,164.353437040416,163.933945403695,164.764075503615,0.207125286628405
"Boys",1986,17,166.085655165601,165.657042725985,166.523091698524,0.216896372957929
"Boys",1986,18,167.159308509475,166.711975417664,167.608474210118,0.227113262347009
"Boys",1986,19,168.061934361673,167.590001539785,168.521238189177,0.236640094666734
"Boys",1987,5,105.769151044636,105.276081320124,106.289426800673,0.25675107888221
"Boys",1987,6,111.750491991534,111.315292002586,112.19749337339,0.225304317859248
"Boys",1987,7,117.287007997422,116.888404446168,117.69129046862,0.20683430433115
"Boys",1987,8,122.508051450351,122.12666357648,122.889315129982,0.194085801622337
"Boys",1987,9,127.546407043945,127.177486708896,127.909709674737,0.187376729417584
"Boys",1987,10,132.74691133481,132.402291550642,133.09325058955,0.176991789833349
"Boys",1987,11,137.898057609797,137.564362674726,138.245358517172,0.174397367627173
"Boys",1987,12,143.741006623991,143.40042492665,144.09542536717,0.176305274966766
"Boys",1987,13,150.503784356769,150.160632612107,150.857311795246,0.179195937765938
"Boys",1987,14,156.819087055446,156.448174854018,157.187036440905,0.186469991170591
"Boys",1987,15,161.583541643874,161.217446078835,161.959826909438,0.188423967147914
"Boys",1987,16,164.421448344128,164.040138492733,164.809101857225,0.196793569682287
"Boys",1987,17,166.149720026316,165.743211493884,166.560524400529,0.204949794926345
"Boys",1987,18,167.222551042826,166.804800531144,167.642866121245,0.212967027190992
"Boys",1987,19,168.111168061024,167.684334546435,168.539926228502,0.217812797710776
"Boys",1988,5,105.826973753013,105.335395747298,106.344630080675,0.255539909584219
"Boys",1988,6,111.811650552217,111.383811842893,112.258565151982,0.223396471659689
"Boys",1988,7,117.347774331407,116.953305672272,117.748160930172,0.204812030829528
"Boys",1988,8,122.564185007071,122.191433526371,122.940070410017,0.191371525415939
"Boys",1988,9,127.590289231843,127.225275901611,127.955290157824,0.183989008747247
"Boys",1988,10,132.761984865398,132.418508554641,133.104118045582,0.173324498233618
"Boys",1988,11,137.900257194925,137.574263541736,138.23377918791,0.169428657339721
"Boys",1988,12,143.742871790523,143.417370704677,144.088824778159,0.170936974330388
"Boys",1988,13,150.518447209669,150.187397509676,150.861575112323,0.17230840086405
"Boys",1988,14,156.858016454093,156.507383398977,157.208001476206,0.177777971929904
"Boys",1988,15,161.661084597245,161.308875789173,162.017354108993,0.178619236266381
"Boys",1988,16,164.501702999501,164.146798574831,164.864739731454,0.186543391440454
"Boys",1988,17,166.226043023084,165.846898385276,166.616072412087,0.194076188739058
"Boys",1988,18,167.296162530294,166.904573569433,167.690275877549,0.200688618980103
"Boys",1988,19,168.182114138644,167.779465728991,168.58451802814,0.203485028075154
"Boys",1989,5,105.883135992642,105.397650002007,106.392604360812,0.254351711834267
"Boys",1989,6,111.870458294428,111.449627075685,112.311152881594,0.221500632996649
"Boys",1989,7,117.410194368776,117.024351425804,117.803713243711,0.20218096773751
"Boys",1989,8,122.626643182319,122.263006553815,122.990653161048,0.188590453436232
"Boys",1989,9,127.648641404798,127.293538975638,127.996725203117,0.180714628855599
"Boys",1989,10,132.787239765603,132.446285129592,133.126503027367,0.169743838298006
"Boys",1989,11,137.907338182669,137.583926718099,138.234913946042,0.165635926185265
"Boys",1989,12,143.738736184061,143.424980296669,144.074411154347,0.166050484635326
"Boys",1989,13,150.517027904626,150.197815308888,150.852820547195,0.16696473361569
"Boys",1989,14,156.874035248582,156.544683110098,157.21117139355,0.170859608559523
"Boys",1989,15,161.723761077515,161.394162875822,162.057132456535,0.169418249863134
"Boys",1989,16,164.581915476328,164.245349486582,164.929231830612,0.176376936226135
"Boys",1989,17,166.312652633371,165.963514945773,166.685757748808,0.183355445401791
"Boys",1989,18,167.380035873939,167.019541376808,167.758114184012,0.189436547668413
"Boys",1989,19,168.260198545503,167.887098253508,168.639738180295,0.191083771951479
"Boys",1990,5,105.946299433477,105.471848757869,106.45601997558,0.253129828225356
"Boys",1990,6,111.927536321093,111.516216124282,112.360649610115,0.219670059695854
"Boys",1990,7,117.470285084163,117.088310219359,117.861260308604,0.199743754144779
"Boys",1990,8,122.690847249226,122.332157047441,123.047192231844,0.185413630067036
"Boys",1990,9,127.713390642428,127.364928658045,128.053836846203,0.177389409778278
"Boys",1990,10,132.825309208211,132.496618191717,133.151863692462,0.166637119083838
"Boys",1990,11,137.9302018805,137.611744385106,138.245695909952,0.161994159617775
"Boys",1990,12,143.74532076049,143.434835313953,144.068476463224,0.162201523417943
"Boys",1990,13,150.5153318289,150.201300030103,150.840708820875,0.162005996027161
"Boys",1990,14,156.878705001457,156.562694283152,157.209652012049,0.165477800247459
"Boys",1990,15,161.758347103379,161.441825235954,162.078253878432,0.161762357418939
"Boys",1990,16,164.645377168364,164.318927635017,164.976893718576,0.167027204854568
"Boys",1990,17,166.398294526682,166.067038222545,166.744310370363,0.172860875357736
"Boys",1990,18,167.473135789771,167.130849188989,167.832701628891,0.178532946054496
"Boys",1990,19,168.346115458753,167.99636752183,168.701087303122,0.179784801885882
"Boys",1991,5,106.027039489176,105.549233812507,106.540617642153,0.251851961543351
"Boys",1991,6,111.99257748568,111.577418613864,112.422171761066,0.217976291211462
"Boys",1991,7,117.529647390193,117.147643641457,117.915966149087,0.197472360631005
"Boys",1991,8,122.753721544782,122.398737125648,123.106311961185,0.182493283175752
"Boys",1991,9,127.78101036573,127.438646067306,128.119810566228,0.173841831343392
"Boys",1991,10,132.872604272988,132.549191876185,133.194190260356,0.163663874327758
"Boys",1991,11,137.970915485683,137.660112118076,138.285935504994,0.15897915445162
"Boys",1991,12,143.772497902272,143.466426109285,144.087387456198,0.158516183882949
"Boys",1991,13,150.528582210538,150.217177930659,150.841035885763,0.158153204718318
"Boys",1991,14,156.886291802313,156.575657754088,157.203098544308,0.160340997248008
"Boys",1991,15,161.769359824093,161.469887509201,162.07816516549,0.155540478471914
"Boys",1991,16,164.680164550647,164.372920706942,164.99792691096,0.159238412499945
"Boys",1991,17,166.467421789992,166.153118458137,166.794612656494,0.163354150812005
"Boys",1991,18,167.565514081972,167.240126062387,167.895246930553,0.168135429877197
"Boys",1991,19,168.440021923282,168.113197906043,168.773980333907,0.168989160243696
"Boys",1992,5,106.125265768141,105.652435585812,106.633437865801,0.250870187913488
"Boys",1992,6,112.076402625213,111.661727716549,112.512381287283,0.216289053243241
"Boys",1992,7,117.598186878492,117.222466461442,117.978656505721,0.19557552886025
"Boys",1992,8,122.817091267873,122.467830299719,123.167080263992,0.179961545615544
"Boys",1992,9,127.848436960824,127.511614799617,128.172062617945,0.170606469974156
"Boys",1992,10,132.926128436358,132.605667423515,133.23852773601,0.160624341892632
"Boys",1992,11,138.023262303699,137.718431041966,138.327779825257,0.156010703897594
"Boys",1992,12,143.819711820561,143.518935318214,144.127215594594,0.155615602550473
"Boys",1992,13,150.56383649473,150.26672434943,150.869017575396,0.154262188770932
"Boys",1992,14,156.909210144906,156.604184276656,157.218180147364,0.156477314549784
"Boys",1992,15,161.766378481889,161.474316334067,162.064302652737,0.149843537930465
"Boys",1992,16,164.692859868613,164.399309712554,164.996460839138,0.15281433485505
"Boys",1992,17,166.509695826046,166.211148373014,166.821226253133,0.155226985053087
"Boys",1992,18,167.642269724819,167.34217781756,167.959603287277,0.158896971355342
"Boys",1992,19,168.53265290471,168.22543270536,168.846991359407,0.158988394628027
"Boys",1993,5,106.243130071107,105.770215123427,106.748120346273,0.249189636513804
"Boys",1993,6,112.176688264257,111.764006542478,112.608470918854,0.215138754003097
"Boys",1993,7,117.684537204613,117.310097888631,118.059988713562,0.193950946456854
"Boys",1993,8,122.888457053537,122.543934609755,123.229779262905,0.178079767842581
"Boys",1993,9,127.914894517734,127.583902568424,128.233834966087,0.167997505133034
"Boys",1993,10,132.982381734208,132.665729828402,133.28369294261,0.157868152315995
"Boys",1993,11,138.083105005431,137.783728392372,138.377855140858,0.15281927269254
"Boys",1993,12,143.879511655516,143.580128306596,144.178589956144,0.152705055697057
"Boys",1993,13,150.619568051451,150.325418904971,150.91903906461,0.151114602879461
"Boys",1993,14,156.953660475141,156.655700318668,157.255348537739,0.152421176129654
"Boys",1993,15,161.763377468051,161.482100945426,162.048745242844,0.145707113029256
"Boys",1993,16,164.694897023218,164.413135425842,164.988411168717,0.146952779681255
"Boys",1993,17,166.532018243152,166.248463938501,166.830157491134,0.148519713424982
"Boys",1993,18,167.692946498077,167.40419085114,167.997392133304,0.150841896641728
"Boys",1993,19,168.608854677379,168.31664278097,168.906074585326,0.150244069416589
"Boys",1994,5,106.374297699216,105.903905101205,106.883754041693,0.247813470260662
"Boys",1994,6,112.293626858658,111.882517359253,112.722021181435,0.213419422899354
"Boys",1994,7,117.784272002482,117.405247288267,118.157991094042,0.193037077965926
"Boys",1994,8,122.974347375589,122.628296129726,123.309674889367,0.176736397631434
"Boys",1994,9,127.985616655942,127.65925665552,128.300782031649,0.166203588418946
"Boys",1994,10,133.040771311203,132.731098300618,133.339085701778,0.155493407818898
"Boys",1994,11,138.1450213638,137.848086515491,138.435673659326,0.149900112663743
"Boys",1994,12,143.945751779782,143.653358371763,144.24128186169,0.149408007542918
"Boys",1994,13,150.686265605729,150.399668405924,150.976797585321,0.147948356970752
"Boys",1994,14,157.016322693784,156.725838601304,157.30997038808,0.148981545105649
"Boys",1994,15,161.772572280956,161.497931928761,162.054066350781,0.14162241714391
"Boys",1994,16,164.702308637491,164.427971628974,164.985878737726,0.142682419751628
"Boys",1994,17,166.547013489999,166.277626918484,166.832362383437,0.142462007496204
"Boys",1994,18,167.724895518696,167.447327938605,168.007698200605,0.144177871731424
"Boys",1994,19,168.659782388,168.379120989629,168.944410353958,0.142662065506737
"Boys",1995,5,106.509620149202,106.040861047924,107.026787875772,0.246694432317627
"Boys",1995,6,112.420118431294,112.014626559808,112.850971591734,0.212142731586309
"Boys",1995,7,117.896714372424,117.524647473693,118.271127533758,0.191625017278629
"Boys",1995,8,123.069396732255,122.719559895789,123.410442143969,0.176129419738926
"Boys",1995,9,128.066334761943,127.74145852679,128.378653332893,0.165141683494818
"Boys",1995,10,133.108710790852,132.801347889497,133.401739655972,0.153563758640529
"Boys",1995,11,138.208079628349,137.914075946262,138.493354556231,0.147134690568754
"Boys",1995,12,144.012652279565,143.727780868208,144.301293325436,0.146428406398111
"Boys",1995,13,150.757555973916,150.475133466294,151.042825215645,0.144339273621504
"Boys",1995,14,157.087639304491,156.802757576269,157.375195772778,0.145588507952162
"Boys",1995,15,161.798973430537,161.525618432884,162.075329193589,0.138167672185735
"Boys",1995,16,164.726426331655,164.457270464258,165.005304068616,0.138667684725628
"Boys",1995,17,166.569703723754,166.306783379931,166.845474089913,0.1381013213418
"Boys",1995,18,167.750763290016,167.491497979792,168.031473962906,0.138218046738986
"Boys",1995,19,168.693869766597,168.427308410868,168.961664177161,0.136331124256847
"Boys",1996,5,106.632738529315,106.15958018717,107.149683636909,0.246068818846313
"Boys",1996,6,112.547317541182,112.139240371655,112.973835611025,0.211147568107725
"Boys",1996,7,118.014906928203,117.643872816926,118.396997726515,0.190572850974139
"Boys",1996,8,123.173050054461,122.82663088684,123.511652708747,0.175077851739847
"Boys",1996,9,128.151830916863,127.823561155349,128.464832907074,0.164796691377752
"Boys",1996,10,133.19699984326,132.892578423255,133.484277664235,0.151968550001504
"Boys",1996,11,138.282238198049,137.993050441274,138.561195006638,0.144797090219453
"Boys",1996,12,144.082097204741,143.797861746986,144.361230344642,0.143391750142468
"Boys",1996,13,150.830585641054,150.551608965998,151.108769235378,0.141077442515098
"Boys",1996,14,157.164289436908,156.885589018057,157.449431833235,0.141790750263186
"Boys",1996,15,161.839660712683,161.575916463581,162.108135324587,0.135000104260718
"Boys",1996,16,164.769391060628,164.506446396466,165.036494854753,0.135174052332399
"Boys",1996,17,166.609327639051,166.353809099833,166.875057048378,0.134053113261136
"Boys",1996,18,167.784691840954,167.529004002332,168.053454875247,0.133998984779605
"Boys",1996,19,168.724315961411,168.469812739154,168.98266277759,0.130889922198263
"Boys",1997,5,106.741844974893,106.275330780012,107.254905149122,0.246218962576621
"Boys",1997,6,112.660249466201,112.246791228498,113.088845895439,0.210735301827815
"Boys",1997,7,118.131492285955,117.760226487482,118.508623119519,0.189728335292816
"Boys",1997,8,123.279875689243,122.938011366877,123.619298764705,0.174188337184891
"Boys",1997,9,128.243162620213,127.916453651819,128.555204603701,0.164103174873435
"Boys",1997,10,133.304879063088,133.005338984565,133.589871951365,0.150630615129433
"Boys",1997,11,138.377595236659,138.095730580322,138.652562636083,0.142992331130838
"Boys",1997,12,144.163238099223,143.883392785047,144.438263497062,0.140901662717698
"Boys",1997,13,150.906452058929,150.633477386344,151.174524697111,0.137832427573073
"Boys",1997,14,157.242533281843,156.970932897729,157.516491806464,0.138365136864009
"Boys",1997,15,161.890878223714,161.632906275705,162.15192727586,0.131540055749644
"Boys",1997,16,164.824725575046,164.570656460826,165.084945935512,0.13202857028873
"Boys",1997,17,166.665579433814,166.411921293472,166.926390801558,0.130415715490296
"Boys",1997,18,167.834270455381,167.584447836013,168.093406953157,0.130174394269111
"Boys",1997,19,168.764029766883,168.518256869578,169.018281444888,0.127186567302881
"Boys",1998,5,106.828839091923,106.360085169455,107.336972194087,0.247709048502177
"Boys",1998,6,112.758534616881,112.349352569259,113.189434446396,0.211101844174756
"Boys",1998,7,118.232820711417,117.86396226561,118.609895640448,0.189417841807437
"Boys",1998,8,123.384071582372,123.042266973976,123.728114100193,0.173450380582059
"Boys",1998,9,128.336620474462,128.01474508758,128.648132423375,0.163366266597897
"Boys",1998,10,133.431623257891,133.134862821821,133.713343110633,0.148808214035546
"Boys",1998,11,138.488448116181,138.209436784192,138.758865170326,0.141771641427993
"Boys",1998,12,144.261079606864,143.988954430259,144.529580908477,0.139169521464549
"Boys",1998,13,150.989086353358,150.720804166091,151.256261086576,0.135446320887379
"Boys",1998,14,157.318520473686,157.051602347646,157.585224554185,0.135134932217082
"Boys",1998,15,161.948443764472,161.697941991653,162.202663510167,0.128344605554515
"Boys",1998,16,164.887982906192,164.640209295623,165.140945371577,0.128596332232628
"Boys",1998,17,166.731223348249,166.485621995018,166.984652262183,0.127088262399137
"Boys",1998,18,167.898569386129,167.651976326399,168.154543312804,0.126760167629788
"Boys",1998,19,168.819771449962,168.581941180175,169.068400824353,0.124363263483411
"Boys",1999,5,106.889922290102,106.410791606724,107.408889926861,0.249890054958654
"Boys",1999,6,112.83649560496,112.420014553831,113.270627677595,0.212632222969847
"Boys",1999,7,118.321092651211,117.95282884067,118.700988726055,0.189713675607962
"Boys",1999,8,123.474458337209,123.130783572886,123.814055607957,0.173099630173227
"Boys",1999,9,128.429172856609,128.10578385181,128.746123270305,0.162701441498498
"Boys",1999,10,133.567471694171,133.276755239683,133.845276454724,0.146802008831552
"Boys",1999,11,138.611006395313,138.336063084622,138.878819473815,0.140380559957862
"Boys",1999,12,144.366907031586,144.095709201706,144.631687354063,0.138223951163358
"Boys",1999,13,151.08082006599,150.818853828567,151.345412576747,0.134012014492341
"Boys",1999,14,157.393866619864,157.129839079156,157.660584830382,0.132996134022729
"Boys",1999,15,162.010691347379,161.764776385318,162.257966701271,0.125193893606185
"Boys",1999,16,164.953368353977,164.710800707827,165.19918926,0.125389474649648
"Boys",1999,17,166.80061037775,166.56268544786,167.044390068232,0.123368995237849
"Boys",1999,18,167.969312265781,167.728831416326,168.216772907546,0.12361345352206
"Boys",1999,19,168.889571733657,168.655983279132,169.133547699419,0.122174734250328
"Boys",2000,5,106.942021997908,106.461805442458,107.467914797762,0.252462776819452
"Boys",2000,6,112.891422763227,112.483156852381,113.329994320559,0.214571282048537
"Boys",2000,7,118.391654000052,118.02129769757,118.774145538756,0.190945401883647
"Boys",2000,8,123.554469721342,123.214108793952,123.897251352766,0.173193876802657
"Boys",2000,9,128.510614211333,128.185599330688,128.826747958281,0.162286743540038
"Boys",2000,10,133.701121903676,133.413366157952,133.979847407751,0.144971207720802
"Boys",2000,11,138.735652973604,138.461933499413,139.001908003943,0.138815482345602
"Boys",2000,12,144.477344543846,144.207773167115,144.739111734799,0.137205555171826
"Boys",2000,13,151.173662835062,150.913197996048,151.433339687449,0.133277792447234
"Boys",2000,14,157.472080654087,157.211583964983,157.733898445808,0.131834225409187
"Boys",2000,15,162.084040214701,161.842447468091,162.327497773755,0.122942371147616
"Boys",2000,16,165.019719601605,164.779355101236,165.258974135117,0.12221464132372
"Boys",2000,17,166.868551266581,166.636574784315,167.10426726357,0.119954724781948
"Boys",2000,18,168.041313684451,167.808801865535,168.277814944275,0.120016014850637
"Boys",2000,19,168.965130682797,168.738579183586,169.205738335374,0.120365386682374
"Boys",2001,5,107.002089923303,106.520216868782,107.541549229137,0.255754740705986
"Boys",2001,6,112.938618883474,112.522304447051,113.378280408788,0.216818568821301
"Boys",2001,7,118.440122057743,118.066766105355,118.824552140918,0.192544551926372
"Boys",2001,8,123.617615855946,123.272788407034,123.960825881874,0.174137140242946
"Boys",2001,9,128.582641220886,128.260351742092,128.899480757282,0.162265112817479
"Boys",2001,10,133.815195893932,133.530635487635,134.096854981318,0.143521799574166
"Boys",2001,11,138.85235471741,138.580526024983,139.11675508689,0.13737383849307
"Boys",2001,12,144.584138249513,144.317912591492,144.842452790184,0.136044142403536
"Boys",2001,13,151.265762521362,151.002840462426,151.525050547144,0.132381111368273
"Boys",2001,14,157.54681239652,157.288190761171,157.803983115683,0.13120865984271
"Boys",2001,15,162.179338340516,161.939882965258,162.41737027073,0.121389856627648
"Boys",2001,16,165.096965161719,164.862988445738,165.335585240679,0.119825102702921
"Boys",2001,17,166.936834829706,166.710237187698,167.168314429423,0.116806697342349
"Boys",2001,18,168.111556579388,167.885724799662,168.339153849324,0.116718903741722
"Boys",2001,19,169.042985594921,168.816624804738,169.281468692057,0.118436665991103
"Boys",2002,5,107.106139163478,106.621904775858,107.642274496539,0.258496950377781
"Boys",2002,6,112.994243392395,112.574260633164,113.436160956271,0.219993645059789
"Boys",2002,7,118.48139144045,118.104252271965,118.861923163808,0.194392456105283
"Boys",2002,8,123.65895627524,123.311389868844,124.007388752847,0.175502465789596
"Boys",2002,9,128.637988529597,128.316235870635,128.955385556578,0.163008366638125
"Boys",2002,10,133.908624693821,133.625967205268,134.182315886231,0.142614384899582
"Boys",2002,11,138.947095581282,138.67601075906,139.210744337068,0.136366885636486
"Boys",2002,12,144.680962416042,144.41890291311,144.943266653037,0.134974367936828
"Boys",2002,13,151.352709810322,151.093817882593,151.60541767423,0.131454022042495
"Boys",2002,14,157.620024686797,157.362353744075,157.874891835726,0.130374748456744
"Boys",2002,15,162.295456158948,162.057685275078,162.530108676075,0.120370766494486
"Boys",2002,16,165.195197392215,164.959941742734,165.430505516242,0.11818342104972
"Boys",2002,17,167.014988972345,166.794755576034,167.23829429716,0.114423947484001
"Boys",2002,18,168.181758151164,167.962506601557,168.40374323668,0.114003820776329
"Boys",2002,19,169.119864171976,168.892366564174,169.352246020085,0.116662907119831
"Boys",2003,5,107.265085957119,106.774294014871,107.804056785602,0.260049667127871
"Boys",2003,6,113.096719428551,112.671207436966,113.548422090685,0.222283831636231
"Boys",2003,7,118.534307669186,118.152977402455,118.922316548799,0.197206658200879
"Boys",2003,8,123.696433805789,123.345784538798,124.041618051882,0.176928604530083
"Boys",2003,9,128.674690131807,128.352417409629,128.995132930598,0.164130963927078
"Boys",2003,10,133.975309884363,133.695625884444,134.255382774154,0.142695944690027
"Boys",2003,11,139.021780308105,138.751445770124,139.284514879317,0.135888717569952
"Boys",2003,12,144.756768652561,144.491449888584,145.015992009997,0.13437547354846
"Boys",2003,13,151.431333299888,151.177982594207,151.68272355272,0.130741279185128
"Boys",2003,14,157.690425208771,157.434851062713,157.943820135821,0.12960464107864
"Boys",2003,15,162.429874935773,162.198563439726,162.661395031899,0.119331430543838
"Boys",2003,16,165.308481129218,165.07784512095,165.532897979639,0.117496474372644
"Boys",2003,17,167.109550416207,166.890664919772,167.32908098087,0.113014989729269
"Boys",2003,18,168.258512377764,168.040884707334,168.474818101641,0.112104393426577
"Boys",2003,19,169.194237661403,168.965752966592,169.419270657599,0.115414947032851
"Boys",2004,5,107.474166381106,106.985392359564,108.021698749619,0.261141396417418
"Boys",2004,6,113.257204072376,112.830289915409,113.713638549663,0.222924445596781
"Boys",2004,7,118.637650563811,118.244277791703,119.038705946886,0.198857861898067
"Boys",2004,8,123.749505941969,123.397971748387,124.0933123035,0.179331861760901
"Boys",2004,9,128.711634362594,128.383134508074,129.028396356372,0.165118187210506
"Boys",2004,10,134.014562056774,133.734337143009,134.292993341257,0.143521279034841
"Boys",2004,11,139.074489184531,138.803941606683,139.338385092131,0.13621034307749
"Boys",2004,12,144.817816192677,144.552201951895,145.075638968027,0.134242952095906
"Boys",2004,13,151.494664317329,151.239713117204,151.748980780287,0.130401330350693
"Boys",2004,14,157.758832390622,157.503760154971,158.009424352995,0.12912894352909
"Boys",2004,15,162.570743640497,162.338040205211,162.796935381717,0.118472094637966
"Boys",2004,16,165.432714063434,165.204881564396,165.661497950112,0.117036288424695
"Boys",2004,17,167.213528710105,166.993956647067,167.435708338447,0.112924682888773
"Boys",2004,18,168.34723511063,168.130132314677,168.562980596888,0.111466881183253
"Boys",2004,19,169.270411728817,169.040928860452,169.491027833952,0.114792526342601
"Boys",2005,5,107.725561381808,107.24050523038,108.275478653328,0.263042929188747
"Boys",2005,6,113.470204657311,113.050722343443,113.926174500588,0.222957306513395
"Boys",2005,7,118.801820975919,118.417889760757,119.199481243722,0.198561670577585
"Boys",2005,8,123.856240585577,123.504251417692,124.20640959737,0.180420481533792
"Boys",2005,9,128.767758277858,128.437050582943,129.093496684025,0.16710310277622
"Boys",2005,10,134.045665596805,133.764695173948,134.324958672324,0.144416834654068
"Boys",2005,11,139.105415135767,138.833567476229,139.37060514564,0.137033446305616
"Boys",2005,12,144.862711059781,144.594778884992,145.124229535772,0.13472927467205
"Boys",2005,13,151.549384634355,151.288680444759,151.798428083106,0.13045719905399
"Boys",2005,14,157.818107525941,157.562679437828,158.06816201696,0.128918829264115
"Boys",2005,15,162.705369223311,162.471545752144,162.930540710227,0.117905431708998
"Boys",2005,16,165.558010494827,165.330106485654,165.783255436528,0.116657035306073
"Boys",2005,17,167.324562115622,167.106445375276,167.541931576163,0.112995362783181
"Boys",2005,18,168.441800333056,168.220082867781,168.661465675621,0.112278091096632
"Boys",2005,19,169.353580639399,169.126613685957,169.58134799913,0.115451007463564
"Boys",2006,5,107.986434693165,107.497879493166,108.542455669646,0.265523987868265
"Boys",2006,6,113.727275110789,113.306173345231,114.179768018312,0.223828981719694
"Boys",2006,7,119.0205072035,118.643720416029,119.420312965546,0.19776088478036
"Boys",2006,8,124.026165546801,123.675825816856,124.380268416255,0.179411244730123
"Boys",2006,9,128.880281448606,128.549938936701,129.211088760092,0.167774009110926
"Boys",2006,10,134.086236586115,133.798365541348,134.368383247181,0.146868041139414
"Boys",2006,11,139.130697885807,138.860144139849,139.394924543207,0.137767219265874
"Boys",2006,12,144.88807275195,144.620766075272,145.150557614577,0.135510124039723
"Boys",2006,13,151.590095426866,151.331929249301,151.846635317992,0.13106130926747
"Boys",2006,14,157.870929270951,157.611580037183,158.117499821016,0.129111767660049
"Boys",2006,15,162.815903747668,162.58351432475,163.038710587992,0.117599541133392
"Boys",2006,16,165.674296884628,165.443442592613,165.899445092276,0.116244553956035
"Boys",2006,17,167.434870700363,167.209951700916,167.658103671964,0.113129768189661
"Boys",2006,18,168.541208776983,168.317582697353,168.765322546693,0.11300005891412
"Boys",2006,19,169.438207433492,169.205211884364,169.672414376011,0.117330623406425
"Boys",2007,5,108.237530070335,107.744132679445,108.797072385734,0.268779149252073
"Boys",2007,6,113.994585063434,113.567304108574,114.454344893434,0.225766186600302
"Boys",2007,7,119.284011117179,118.901434929213,119.681261174141,0.198035925719216
"Boys",2007,8,124.251549502798,123.903200076955,124.599597665821,0.178214068031821
"Boys",2007,9,129.057243064059,128.730477196092,129.387317642708,0.166433342844783
"Boys",2007,10,134.171667179718,133.878621139139,134.461211488615,0.148360365874998
"Boys",2007,11,139.165755355112,138.889258406563,139.433300007642,0.139984465684671
"Boys",2007,12,144.907993482964,144.640214259267,145.169398512114,0.136151394543599
"Boys",2007,13,151.611077943425,151.350478809261,151.867217994166,0.131876576784452
"Boys",2007,14,157.909329295607,157.653311436516,158.160454328228,0.129805649113698
"Boys",2007,15,162.901524136001,162.67009625474,163.125025316051,0.117750906983177
"Boys",2007,16,165.767481576163,165.536568739481,165.994901549397,0.116096803370152
"Boys",2007,17,167.537614301533,167.316576220702,167.75708592061,0.112897969735454
"Boys",2007,18,168.64028607441,168.414277474241,168.86382318311,0.113846664113149
"Boys",2007,19,169.525660531283,169.291383620143,169.759391350892,0.1188047887283
"Boys",2008,5,108.450583079214,107.951928524427,109.021667030662,0.271634300926949
"Boys",2008,6,114.251817197943,113.815862021319,114.716011199233,0.229077364980402
"Boys",2008,7,119.557473422224,119.171931131128,119.959524534,0.199866371608835
"Boys",2008,8,124.521520601964,124.173261583682,124.86530327513,0.178451536294899
"Boys",2008,9,129.289616815317,128.966804486906,129.61036436832,0.165322359521846
"Boys",2008,10,134.312630676192,134.018446599902,134.598046645197,0.148104029311254
"Boys",2008,11,139.248741879699,138.968655325477,139.519595651195,0.141356938484851
"Boys",2008,12,144.940969600431,144.66880093934,145.205389373996,0.138056023341572
"Boys",2008,13,151.629837442717,151.368623294349,151.884396485319,0.132608602223186
"Boys",2008,14,157.930806392925,157.668790102103,158.185688464492,0.130647574672527
"Boys",2008,15,162.956640079098,162.724333550733,163.180357674222,0.118408281827114
"Boys",2008,16,165.839142659051,165.606902717718,166.065497210673,0.116424513145675
"Boys",2008,17,167.620590416798,167.399150238219,167.839992495449,0.112950580641357
"Boys",2008,18,168.734126211612,168.502497769894,168.955810014017,0.114214926688293
"Boys",2008,19,169.613120052549,169.371500548078,169.848786585733,0.120460599059311
"Boys",2009,5,108.630723502949,108.118019063872,109.204625228906,0.274293062676052
"Boys",2009,6,114.469413530651,114.022328820251,114.942784670334,0.232433360502634
"Boys",2009,7,119.819450325418,119.428720223491,120.22835813805,0.203700916887585
"Boys",2009,8,124.800144837237,124.448793754249,125.152249012045,0.180688187275608
"Boys",2009,9,129.565376507995,129.241525779835,129.893799759872,0.166039524802425
"Boys",2009,10,134.503829182699,134.211573743603,134.794470965932,0.148305194276093
"Boys",2009,11,139.390185671245,139.115416977112,139.664765124234,0.14135719439108
"Boys",2009,12,145.025068938585,144.752960924321,145.295124940303,0.139298158052543
"Boys",2009,13,151.664973812282,151.400667622403,151.923014742949,0.134411956147855
"Boys",2009,14,157.953237501956,157.692489813037,158.206586078887,0.131538434954847
"Boys",2009,15,162.981639953555,162.748247681245,163.214036538312,0.119334671311703
"Boys",2009,16,165.887200846712,165.655528373508,166.116800754335,0.117208726306826
"Boys",2009,17,167.68836324469,167.464426239147,167.908650068968,0.113478769510138
"Boys",2009,18,168.813156195428,168.582006588876,169.039638154884,0.114987085279597
"Boys",2009,19,169.699068871385,169.453806807062,169.937489672207,0.121853502717212
"Boys",2010,5,108.786636421797,108.269059757012,109.373660070037,0.277487121740693
"Boys",2010,6,114.65234989858,114.205097767764,115.129410950211,0.236032202437029
"Boys",2010,7,120.040330235852,119.639269363196,120.456828251066,0.207871468579622
"Boys",2010,8,125.065992740136,124.702131944009,125.428363620129,0.185475578489065
"Boys",2010,9,129.848613823925,129.517687519202,130.177339270315,0.169073987604447
"Boys",2010,10,134.737220848322,134.44606902147,135.032549145392,0.150519396497134
"Boys",2010,11,139.584324569037,139.310719004053,139.857977164239,0.142081791898017
"Boys",2010,12,145.170359676877,144.90030038324,145.446520676985,0.139628822419564
"Boys",2010,13,151.754169981999,151.490252370508,152.016158141073,0.13568010572196
"Boys",2010,14,157.995038235062,157.735434377851,158.25510640449,0.133431943354854
"Boys",2010,15,162.996953027236,162.759217462173,163.232803492795,0.120520290634426
"Boys",2010,16,165.911937651301,165.676339987705,166.146434802887,0.11832727674899
"Boys",2010,17,167.738469221794,167.511122689238,167.958600252111,0.114514797995279
"Boys",2010,18,168.882122053261,168.651759797656,169.10733182752,0.116215546870624
"Boys",2010,19,169.774695318685,169.529361064465,170.015398724566,0.12388764328064
"Boys",2011,5,108.924916097159,108.40470091155,109.519860414019,0.281582425431153
"Boys",2011,6,114.81063137926,114.34737255405,115.291321562487,0.240599627174811
"Boys",2011,7,120.226354426969,119.823171020881,120.644718332332,0.212641207730205
"Boys",2011,8,125.290773287983,124.919187132504,125.661514232662,0.190698516761438
"Boys",2011,9,130.11923688115,129.771205834709,130.461157225142,0.175030329247406
"Boys",2011,10,134.980109148513,134.670858164697,135.284117579007,0.155022709193246
"Boys",2011,11,139.822969401829,139.543276489158,140.103125173211,0.145131488368858
"Boys",2011,12,145.370781615702,145.096306515688,145.649261316727,0.140909044104981
"Boys",2011,13,151.907152350252,151.64525092277,152.170852444129,0.136287278196405
"Boys",2011,14,158.093575096588,157.832883763787,158.355255021796,0.134916986801017
"Boys",2011,15,163.020565569756,162.780097080491,163.26210449556,0.123010583067204
"Boys",2011,16,165.929558770191,165.690607620282,166.161684687731,0.11977004058868
"Boys",2011,17,167.767260087419,167.535455688609,167.994194978834,0.116068942024566
"Boys",2011,18,168.935200761418,168.700087824719,169.162428761102,0.117995354800452
"Boys",2011,19,169.842244255295,169.595014974519,170.085274236589,0.126338738908649
"Boys",2012,5,109.048197475426,108.510673944617,109.651355329899,0.287989931133567
"Boys",2012,6,114.950920195877,114.478350913493,115.450905151124,0.246550759808201
"Boys",2012,7,120.387549032836,119.971453589827,120.809406097231,0.218811920288389
"Boys",2012,8,125.480691753216,125.102707539518,125.862903282044,0.196838835188048
"Boys",2012,9,130.348918336687,129.990240479039,130.70150335181,0.181433103268522
"Boys",2012,10,135.214013836098,134.894491962028,135.528761772265,0.162508450870844
"Boys",2012,11,140.072940859539,139.777531552276,140.366846553768,0.150763947775935
"Boys",2012,12,145.617429192079,145.336009127974,145.902923177354,0.144848019739594
"Boys",2012,13,152.117000416417,151.849966778039,152.38697344318,0.13805088868952
"Boys",2012,14,158.25764146424,157.99645102863,158.523087414231,0.135989205480784
"Boys",2012,15,163.088181418787,162.841922546517,163.332675076949,0.125153459930324
"Boys",2012,16,165.955951162117,165.716985787243,166.200567347133,0.122697384029418
"Boys",2012,17,167.789456353624,167.557411025585,168.01795850441,0.118005861003205
"Boys",2012,18,168.967401638714,168.726219182819,169.198664265084,0.120341099221588
"Boys",2012,19,169.894493173187,169.641881483588,170.144176877374,0.129355841679331
"Boys",2013,5,109.166416041685,108.602136252487,109.790173723647,0.297580898111552
"Boys",2013,6,115.074489342963,114.591505670477,115.58531176508,0.25508643302383
"Boys",2013,7,120.529128550914,120.090084502142,120.97349227511,0.226769756820303
"Boys",2013,8,125.644179537405,125.250432094527,126.046194990572,0.204827780534064
"Boys",2013,9,130.542122465268,130.177407320692,130.911136889085,0.189011098420001
"Boys",2013,10,135.411296384737,135.072118983636,135.741024951478,0.170177800678651
"Boys",2013,11,140.31477321718,139.999993114899,140.620018218516,0.159549748767822
"Boys",2013,12,145.876186656686,145.575724435626,146.173526363063,0.151591046627203
"Boys",2013,13,152.373697548353,152.093876357811,152.651821190254,0.142936629650936
"Boys",2013,14,158.479067885958,158.204671779777,158.747417660944,0.13841312140224
"Boys",2013,15,163.211619664125,162.964110014017,163.460302725034,0.127060128974642
"Boys",2013,16,166.030282208996,165.784076331696,166.276336087218,0.125418990427523
"Boys",2013,17,167.824330312466,167.584976663763,168.060689676029,0.121517895594381
"Boys",2013,18,168.996811907956,168.752637478704,169.23414796259,0.123049003393833
"Boys",2013,19,169.9295208372,169.669569770683,170.186889144171,0.13281442091549
"Boys",2014,5,109.272970735912,108.676465290738,109.91654499735,0.311892691330068
"Boys",2014,6,115.191307930999,114.672539405819,115.722832229825,0.267439137039597
"Boys",2014,7,120.652238955309,120.186807650629,121.121560427668,0.237478183590583
"Boys",2014,8,125.786191605809,125.367063908421,126.216040865612,0.214830775505656
"Boys",2014,9,130.70684069413,130.318876642703,131.097004214827,0.198745465241583
"Boys",2014,10,135.577819010155,135.234739721257,135.926402171746,0.178795113420287
"Boys",2014,11,140.519699537477,140.190421339599,140.847612480974,0.168493176171466
"Boys",2014,12,146.1266119658,145.806128035327,146.43932800709,0.161512907966617
"Boys",2014,13,152.642223892638,152.347716399067,152.932162285499,0.150809067563783
"Boys",2014,14,158.746827203919,158.462095152296,159.027144913484,0.144309717200371
"Boys",2014,15,163.386843436033,163.129269550759,163.642122603807,0.130394609899838
"Boys",2014,16,166.164176772033,165.91237923197,166.413597650297,0.128325053630823
"Boys",2014,17,167.910918381646,167.662657433997,168.154184159234,0.125021550582428
"Boys",2014,18,169.042864531529,168.789301262624,169.288357831719,0.127231424602103
"Boys",2014,19,169.966016374231,169.697758919517,170.229112158926,0.136445113593178
"Boys",2015,5,109.367176873345,108.730444522287,110.042269713156,0.332581383854876
"Boys",2015,6,115.295356493237,114.743921929897,115.868126309552,0.28492439876649
"Boys",2015,7,120.767403554722,120.263426335587,121.264138027577,0.25236368966902
"Boys",2015,8,125.90830847906,125.463075469302,126.359722592369,0.22763635053817
"Boys",2015,9,130.848413587205,130.433786347492,131.265584811765,0.210540989376393
"Boys",2015,10,135.722669919351,135.352237601744,136.098282129051,0.189404235373778
"Boys",2015,11,140.693172116251,140.347979761928,141.038569619417,0.178277378889312
"Boys",2015,12,146.339555020742,146.005312103363,146.668371751583,0.171479791415974
"Boys",2015,13,152.901748432594,152.581418921421,153.209856365386,0.161873509011594
"Boys",2015,14,159.025517590457,158.722657774803,159.321753059573,0.153164514795574
"Boys",2015,15,163.606648195515,163.33953852872,163.87930720035,0.13738483835967
"Boys",2015,16,166.352594659448,166.091504576612,166.615253877686,0.133031617108557
"Boys",2015,17,168.059808671638,167.805025579532,168.313154477562,0.128941258510164
"Boys",2015,18,169.14365016388,168.882628275015,169.394163450818,0.131681985336285
"Boys",2015,19,170.022791326059,169.74459588085,170.298909514307,0.141476963519317
"Boys",2016,5,109.452515195422,108.746674276662,110.177674206903,0.361392836092016
"Boys",2016,6,115.386993104176,114.781868237389,116.003189050963,0.309045920110142
"Boys",2016,7,120.869663008851,120.325373460194,121.4098576861,0.272514577181563
"Boys",2016,8,126.022218986704,125.54309223107,126.50075401243,0.244738566722702
"Boys",2016,9,130.969616861301,130.526031744142,131.411652809288,0.225068641323375
"Boys",2016,10,135.852536981481,135.454900013586,136.254156496632,0.201907633583065
"Boys",2016,11,140.845304559864,140.475920651362,141.221273439687,0.190033992012073
"Boys",2016,12,146.521431437115,146.173415438308,146.873559976079,0.182087642030712
"Boys",2016,13,153.124128092576,152.786486376901,153.452535205175,0.172718137100424
"Boys",2016,14,159.295293401082,158.97047419581,159.615182092288,0.165045083813734
"Boys",2016,15,163.838635101264,163.549922267022,164.125116511662,0.147135071441358
"Boys",2016,16,166.587497070602,166.310529402934,166.867849565297,0.141304152711889
"Boys",2016,17,168.264897071352,167.997546516909,168.530473341298,0.135058231295603
"Boys",2016,18,169.308675082566,169.033022278827,169.572804648777,0.136573711392559
"Boys",2016,19,170.136998351017,169.846338175973,170.421255630986,0.14712822360354
"Boys",2017,5,109.536130853003,108.753080520014,110.325602018985,0.397762292123479
"Boys",2017,6,115.469788849657,114.797532360567,116.144006879039,0.341446830168477
"Boys",2017,7,120.959376879321,120.366680840583,121.557927446683,0.299259606507321
"Boys",2017,8,126.122967873748,125.598230481391,126.65584046436,0.267080198588938
"Boys",2017,9,131.082238221795,130.605161122698,131.56080208976,0.243833051329472
"Boys",2017,10,135.969781774153,135.54198609038,136.393643245224,0.216877017017406
"Boys",2017,11,140.982354886739,140.582447942027,141.381032468097,0.203689661073222
"Boys",2017,12,146.681746314257,146.306379030638,147.059913633977,0.194507177959539
"Boys",2017,13,153.315025197949,152.957035873798,153.66816513629,0.184051993699547
"Boys",2017,14,159.527233861254,159.180142646934,159.860070594511,0.176453270541168
"Boys",2017,15,164.064370619998,163.750545964776,164.371578843242,0.159612215356141
"Boys",2017,16,166.835441726774,166.538103748388,167.130023974078,0.152129756473198
"Boys",2017,17,168.516843803875,168.231039218081,168.800876842765,0.144565775165101
"Boys",2017,18,169.530442462048,169.247388264432,169.809083232373,0.14376633331727
"Boys",2017,19,170.316832835495,170.017861464689,170.617479898112,0.153155155695089
"Boys",2018,5,109.617898076292,108.746207336069,110.493883605938,0.443015578996144
"Boys",2018,6,115.550022022238,114.793911777569,116.300908917429,0.381379671655881
"Boys",2018,7,121.039152021621,120.36885834973,121.703523765889,0.334123147835714
"Boys",2018,8,126.209873995734,125.624096184715,126.801886249169,0.295844281999893
"Boys",2018,9,131.180253340542,130.649149812874,131.705393624472,0.267710256906073
"Boys",2018,10,136.083871214294,135.620552931067,136.546737831516,0.235916554828854
"Boys",2018,11,141.104834855612,140.671783133392,141.531113421589,0.219725647019511
"Boys",2018,12,146.824703796735,146.418788361214,147.235444392596,0.20884874271434
"Boys",2018,13,153.48170792245,153.101523386017,153.86116068982,0.196989320696721
"Boys",2018,14,159.724682174022,159.360014430776,160.08467609468,0.188271266640254
"Boys",2018,15,164.256109237407,163.919385764251,164.586414556239,0.171337738705977
"Boys",2018,16,167.07681491321,166.751797035399,167.398640841807,0.165215833286904
"Boys",2018,17,168.781132885998,168.471862801042,169.088455691753,0.156603219699309
"Boys",2018,18,169.798483271021,169.490637180074,170.103434256163,0.154138557685317
"Boys",2018,19,170.553659681092,170.238012276282,170.866554140255,0.160959948338712
"Boys",2019,5,109.696837335773,108.699269761406,110.674478073685,0.496534462382233
"Boys",2019,6,115.627250312838,114.766415489356,116.471831171975,0.429927689125994
"Boys",2019,7,121.114919518384,120.367078530494,121.866270396129,0.376357761688421
"Boys",2019,8,126.285187093615,125.622871915268,126.940584004226,0.332443938747601
"Boys",2019,9,131.262623167035,130.678058435133,131.85653200196,0.297781085915731
"Boys",2019,10,136.187610423329,135.671438731972,136.702269717331,0.259889675604743
"Boys",2019,11,141.221657358784,140.752698485807,141.687399208729,0.239668725776988
"Boys",2019,12,146.950111196817,146.514436631195,147.388375774812,0.225524086690714
"Boys",2019,13,153.627616043882,153.218561333278,154.039714240768,0.21183111914115
"Boys",2019,14,159.89410578979,159.497500387039,160.278723364529,0.20155510609563
"Boys",2019,15,164.419476461234,164.061293788651,164.774408379926,0.183202261857886
"Boys",2019,16,167.282482716353,166.928924242019,167.627969873654,0.177384997748886
"Boys",2019,17,169.036989740789,168.703608078648,169.374967119973,0.170473622545551
"Boys",2019,18,170.077288053313,169.750764698402,170.408494842444,0.166843884527067
"Boys",2019,19,170.835994392509,170.506073043309,171.170010094107,0.171839001529576
"Girls",1985,5,105.473061932716,105.136273899695,105.8239613711,0.174616701899244
"Girls",1985,6,111.486207999061,111.196209626021,111.794373636917,0.152295527405987
"Girls",1985,7,117.028141274151,116.758558068791,117.312123451128,0.13969769379411
"Girls",1985,8,122.387488325993,122.121932171902,122.656806093724,0.13404161298677
"Girls",1985,9,127.851593293847,127.595753307299,128.100984654854,0.128920270490847
"Girls",1985,10,133.942129616968,133.67580274046,134.201190421373,0.132641152966449
"Girls",1985,11,140.187826364933,139.922599536896,140.442904263511,0.130977402100945
"Girls",1985,12,145.797559132663,145.536313793003,146.056137963998,0.131973917740671
"Girls",1985,13,149.793447551688,149.537391014381,150.050368807874,0.130589869819763
"Girls",1985,14,152.372303965038,152.108278279598,152.628881754076,0.131975181266372
"Girls",1985,15,154.197066784686,153.921933463282,154.471218009992,0.137951052287961
"Girls",1985,16,155.125131757536,154.846254085092,155.405224068662,0.142223283543062
"Girls",1985,17,155.652649960286,155.362031858787,155.948815340728,0.147459671592308
"Girls",1985,18,156.029790189621,155.729373133979,156.328132018944,0.151134782291979
"Girls",1985,19,156.501483167393,156.188701640759,156.815352416027,0.159995774730284
"Girls",1986,5,105.5082197041,105.175727221525,105.855698133453,0.173347284344113
"Girls",1986,6,111.515503148005,111.226488277023,111.822179901046,0.15045682442731
"Girls",1986,7,117.051822507966,116.787265401213,117.33395105776,0.137658262893409
"Girls",1986,8,122.409670916216,122.150702014509,122.676242910293,0.131913857903049
"Girls",1986,9,127.874346425113,127.619859935354,128.121693103008,0.126349602564928
"Girls",1986,10,133.958251873915,133.701563132929,134.208709373571,0.128085626372477
"Girls",1986,11,140.207414963274,139.955827827357,140.454251440628,0.126265146329807
"Girls",1986,12,145.822902464616,145.571653269231,146.068954050297,0.126968880376125
"Girls",1986,13,149.820718748616,149.576510101027,150.065270434394,0.124832916063005
"Girls",1986,14,152.400838405004,152.150560730526,152.645151112228,0.125582884284787
"Girls",1986,15,154.227357311228,153.961240833561,154.487796326971,0.132044835882394
"Girls",1986,16,155.15081409659,154.881142655045,155.417236870755,0.135491170421753
"Girls",1986,17,155.67464744815,155.399436133971,155.95014918663,0.138927894593694
"Girls",1986,18,156.047590011401,155.770711894778,156.327646050289,0.139729624035526
"Girls",1986,19,156.517495437761,156.231074590776,156.798751167721,0.145192935484724
"Girls",1987,5,105.547789666668,105.214735736737,105.893578044075,0.172222488915162
"Girls",1987,6,111.55053586794,111.267133503,111.851820376479,0.1489157910237
"Girls",1987,7,117.082130763936,116.822917726981,117.360307511722,0.135715495766301
"Girls",1987,8,122.435679171088,122.179433728064,122.698344781094,0.129865574722364
"Girls",1987,9,127.900396950276,127.651064350328,128.147382757597,0.124154177183706
"Girls",1987,10,133.963970875426,133.716935389244,134.20874113283,0.124003877992675
"Girls",1987,11,140.216367445788,139.975970910446,140.45646333102,0.121763032563785
"Girls",1987,12,145.836666985869,145.594923975263,146.078006428784,0.122385041374247
"Girls",1987,13,149.841943978918,149.607087699899,150.076423238242,0.119688012595697
"Girls",1987,14,152.426383901467,152.187303585269,152.659273995764,0.119607052732662
"Girls",1987,15,154.266992772949,154.013115158472,154.51195952654,0.126496502857723
"Girls",1987,16,155.187080603961,154.928662113135,155.437741943035,0.129290511045148
"Girls",1987,17,155.706304280479,155.440319787906,155.967570130501,0.132022384759407
"Girls",1987,18,156.074919312957,155.814008673019,156.330935827412,0.130895781460744
"Girls",1987,19,156.539685021711,156.281394721726,156.798010065567,0.133667481046133
"Girls",1988,5,105.590598338776,105.260662667716,105.933120374681,0.170984603960002
"Girls",1988,6,111.590400622835,111.312479744839,111.888599334993,0.147405240789831
"Girls",1988,7,117.118564507403,116.860920061744,117.390747576063,0.133938073025984
"Girls",1988,8,122.468549857757,122.214283382012,122.730698111816,0.127879503040811
"Girls",1988,9,127.930106931047,127.684018435054,128.172210225157,0.122019548896266
"Girls",1988,10,133.965671226903,133.729482113244,134.206354192057,0.120445032284006
"Girls",1988,11,140.21694849388,139.984463513293,140.448757148668,0.117953247633995
"Girls",1988,12,145.842281709152,145.609921766212,146.07270127961,0.118209205405244
"Girls",1988,13,149.854709929334,149.629081615577,150.076902594912,0.115216380347568
"Girls",1988,14,152.449141965409,152.218086349414,152.672038218957,0.11449701410306
"Girls",1988,15,154.309397253222,154.066806143531,154.546075671289,0.121097187164726
"Girls",1988,16,155.230536308164,154.982243381019,155.470855145424,0.123417081846735
"Girls",1988,17,155.746515432877,155.49484074692,155.994310089954,0.125625873984939
"Girls",1988,18,156.109779235955,155.863212229646,156.351307505799,0.123764296457783
"Girls",1988,19,156.568975185973,156.326220943259,156.808133907915,0.124868108559858
"Girls",1989,5,105.638089643726,105.310852555298,105.980603584347,0.169831489236645
"Girls",1989,6,111.632896824411,111.35550102055,111.926151201581,0.145829655743275
"Girls",1989,7,117.159010024294,116.903023112906,117.425887600892,0.132220104875857
"Girls",1989,8,122.506438289394,122.258608149649,122.764612448349,0.125952807686091
"Girls",1989,9,127.965235232844,127.727364991222,128.205423848094,0.119936547161683
"Girls",1989,10,133.96830847946,133.731947220205,134.201149387437,0.117304594990942
"Girls",1989,11,140.217827915909,139.991604656881,140.442817701832,0.114727007748007
"Girls",1989,12,145.844328939922,145.617697235222,146.068598726187,0.114863299553893
"Girls",1989,13,149.864178074379,149.647080760596,150.076674028187,0.111245067154654
"Girls",1989,14,152.468351819646,152.245271418647,152.68286182576,0.110290755308465
"Girls",1989,15,154.348760228137,154.112728959292,154.574066068106,0.116023532868895
"Girls",1989,16,155.27382290785,155.035124646469,155.501299033396,0.117675651816735
"Girls",1989,17,155.791209800587,155.550848145125,156.025857640031,0.11957886641444
"Girls",1989,18,156.150386976015,155.912379766852,156.379159179443,0.117231840746654
"Girls",1989,19,156.602458051357,156.375209841254,156.829012662724,0.117778444842091
"Girls",1990,5,105.693281775727,105.368854600913,106.035414729405,0.168752382702772
"Girls",1990,6,111.679611709635,111.404773704027,111.969891060915,0.144393682596664
"Girls",1990,7,117.201379955468,116.951015015884,117.464768102472,0.130443444693836
"Girls",1990,8,122.547349512833,122.304375630882,122.798874115246,0.124145591911684
"Girls",1990,9,128.004072497984,127.774017755418,128.240622872419,0.117849815092579
"Girls",1990,10,133.979045921361,133.746988289494,134.204710159301,0.114697938884299
"Girls",1990,11,140.224149040178,140.002160732725,140.442517437689,0.111853671694739
"Girls",1990,12,145.851051047618,145.630883227645,146.07061862793,0.11200947434863
"Girls",1990,13,149.874278194111,149.660391928265,150.086283361913,0.108112943302415
"Girls",1990,14,152.487850388827,152.276023579216,152.693034805982,0.106528705426228
"Girls",1990,15,154.377043739805,154.148676387013,154.593330927051,0.111228902879342
"Girls",1990,16,155.312421830582,155.08296587046,155.528789052484,0.112346695579867
"Girls",1990,17,155.834229413773,155.60943102671,156.054265624406,0.113730537218686
"Girls",1990,18,156.193835176327,155.970747531016,156.410120841678,0.111121025537256
"Girls",1990,19,156.639363989429,156.422472393704,156.852683683963,0.111440775623352
"Girls",1991,5,105.758890487909,105.432321787636,106.097143485922,0.167572366318116
"Girls",1991,6,111.734550963879,111.460425620301,112.018772969543,0.143081090937742
"Girls",1991,7,117.248419889972,116.999121078116,117.506941029104,0.128814041760489
"Girls",1991,8,122.590543453167,122.347951692917,122.840803682572,0.122284707169846
"Girls",1991,9,128.046243764124,127.818247311306,128.278913715231,0.115916196330039
"Girls",1991,10,134.000391782189,133.774839565136,134.21710417582,0.112336057882205
"Girls",1991,11,140.241684338302,140.022491187201,140.454491856325,0.109493866343237
"Girls",1991,12,145.865753868165,145.648874211604,146.081128973645,0.109363453755355
"Girls",1991,13,149.890943287704,149.684583564093,150.098060446296,0.105359940107448
"Girls",1991,14,152.509213686005,152.30549959575,152.708478523571,0.103509652780552
"Girls",1991,15,154.39353394466,154.177110974536,154.601069183118,0.106319838660161
"Girls",1991,16,155.33956393211,155.120789579483,155.548571338891,0.107333183132963
"Girls",1991,17,155.872099035636,155.655534538772,156.081507619657,0.108400715179819
"Girls",1991,18,156.23492462495,156.025906321327,156.437172221971,0.10528011368312
"Girls",1991,19,156.677687021642,156.472661034881,156.880956535115,0.105475209739955
"Girls",1992,5,105.836077848488,105.505617642191,106.170851884189,0.166991859992326
"Girls",1992,6,111.801281994835,111.531575162968,112.086229737366,0.141611431082591
"Girls",1992,7,117.30492799088,117.053887042887,117.561072233666,0.127369244304602
"Girls",1992,8,122.639530054264,122.39998035564,122.882102900662,0.120558955307012
"Girls",1992,9,128.091660331548,127.8641004449,128.32384316262,0.113975892111867
"Girls",1992,10,134.031831060777,133.809923943807,134.245418806107,0.110272577021386
"Girls",1992,11,140.270351526569,140.058425201738,140.474891819764,0.107243928415233
"Girls",1992,12,145.891732799553,145.681811237111,146.103258220189,0.107213908655914
"Girls",1992,13,149.914939845094,149.714078065539,150.116992170298,0.102733874563187
"Girls",1992,14,152.535805570057,152.337222637368,152.732987046615,0.100782731992914
"Girls",1992,15,154.398797686435,154.194977318478,154.595163873017,0.101910999811507
"Girls",1992,16,155.356604155088,155.148866183758,155.556022590244,0.102391708271893
"Girls",1992,17,155.900064334984,155.693179395717,156.099408809034,0.103513083745251
"Girls",1992,18,156.271841924778,156.069777961187,156.462410814493,0.10016725551389
"Girls",1992,19,156.713994196231,156.520626299604,156.90554919093,0.0998392031258623
"Girls",1993,5,105.926673986568,105.59862006763,106.258327680976,0.166267016127851
"Girls",1993,6,111.879864427111,111.608971789963,112.157919276495,0.140601955670147
"Girls",1993,7,117.373187923755,117.127772889564,117.627846761505,0.125800667368003
"Girls",1993,8,122.697560801281,122.460563198792,122.935756398139,0.119057744996272
"Girls",1993,9,128.142066565593,127.914952209705,128.363563689241,0.112141347048169
"Girls",1993,10,134.07157016715,133.855994025848,134.280321122519,0.108316022103709
"Girls",1993,11,140.308638763363,140.100190110224,140.510017313522,0.10530689723493
"Girls",1993,12,145.927986901432,145.723068612564,146.13357050739,0.105083099295438
"Girls",1993,13,149.94895777851,149.749625902733,150.146780972411,0.100584295944369
"Girls",1993,14,152.567931714863,152.373750758034,152.761678209748,0.0981591265955976
"Girls",1993,15,154.399884119886,154.205339985489,154.591320701237,0.0979571590522395
"Girls",1993,16,155.365650095579,155.168219175247,155.555994869017,0.0981001719799875
"Girls",1993,17,155.920539053367,155.722488044522,156.111322911297,0.0989919550061684
"Girls",1993,18,156.301172004345,156.110236865373,156.484467511924,0.0957224426003679
"Girls",1993,19,156.747980132473,156.559794641594,156.930920538985,0.0951315741292507
"Girls",1994,5,106.029812127292,105.703924706902,106.366827185488,0.165695499548873
"Girls",1994,6,111.970878115058,111.700044362663,112.24317870614,0.139461843899445
"Girls",1994,7,117.451970611349,117.207713525302,117.701400443764,0.124640060495306
"Girls",1994,8,122.7656417887,122.534563783482,122.997239352309,0.117472269294463
"Girls",1994,9,128.19941744141,127.977512244823,128.415517113201,0.110544207246422
"Girls",1994,10,134.119899238003,133.904890620539,134.324921289563,0.106490075955488
"Girls",1994,11,140.353195346621,140.149520521927,140.551671849308,0.103457730279021
"Girls",1994,12,145.971443607889,145.771526222008,146.171783431452,0.103321698532111
"Girls",1994,13,149.990530310074,149.794329421377,150.185110029303,0.0983794034761404
"Girls",1994,14,152.607176582025,152.418614037897,152.797599162813,0.0959551598242413
"Girls",1994,15,154.402713657225,154.213370226523,154.587376625039,0.0943815497473875
"Girls",1994,16,155.375031778078,155.18664633721,155.559267704956,0.0943545452010452
"Girls",1994,17,155.93687170054,155.746586595257,156.120977804412,0.0952278159626877
"Girls",1994,18,156.326373376946,156.143655859428,156.502982558633,0.0918826291552361
"Girls",1994,19,156.778076565685,156.598751618408,156.95433394419,0.0912979902420279
"Girls",1995,5,106.145437896237,105.823577714514,106.479610019655,0.165188063871428
"Girls",1995,6,112.072280986881,111.80208527543,112.346036437406,0.13852441763876
"Girls",1995,7,117.540801799869,117.300780408437,117.785136700812,0.123474900647446
"Girls",1995,8,122.841631510932,122.615023372835,123.069064660582,0.116260228886822
"Girls",1995,9,128.264011629542,128.045949776256,128.474620983508,0.10890786330018
"Girls",1995,10,134.178657498127,133.968651352566,134.381772240405,0.104957497214312
"Girls",1995,11,140.404448303493,140.204173166191,140.597686204961,0.101706948040742
"Girls",1995,12,146.018989865198,145.820848491576,146.217415094223,0.101652319583186
"Girls",1995,13,150.036924364949,149.849409891539,150.228621065998,0.0965909288741212
"Girls",1995,14,152.651483375793,152.467820707192,152.834665556077,0.0936445497268931
"Girls",1995,15,154.41514374844,154.233773566813,154.59421100737,0.0915140489401389
"Girls",1995,16,155.389556673897,155.20873200162,155.566950006611,0.0909753047479049
"Girls",1995,17,155.956245894658,155.77348715553,156.134886493888,0.091974020731123
"Girls",1995,18,156.350166376333,156.171014382356,156.522815813951,0.0887956264820869
"Girls",1995,19,156.807380679969,156.631754058474,156.979662848019,0.0882574034876865
"Girls",1996,5,106.271899165864,105.950559851158,106.60468370085,0.164692060990012
"Girls",1996,6,112.183333339297,111.913821272548,112.455703702361,0.137745642394964
"Girls",1996,7,117.637020996359,117.396849603487,117.878915367681,0.122541076659011
"Girls",1996,8,122.924562622765,122.702872072036,123.151618349792,0.11517712009763
"Girls",1996,9,128.333355218561,128.120570917972,128.542478043437,0.107597056969181
"Girls",1996,10,134.250802681369,134.045750401466,134.452004978813,0.103476521998806
"Girls",1996,11,140.466659062125,140.269487072131,140.660859848848,0.100190457705023
"Girls",1996,12,146.073639986511,145.880078300705,146.266950754675,0.100067023121808
"Girls",1996,13,150.087671928646,149.903863084095,150.273195765216,0.0949735582173904
"Girls",1996,14,152.700778222697,152.522308533346,152.879562871986,0.0917811363286739
"Girls",1996,15,154.439747222865,154.263323044991,154.613656199367,0.0887517349195358
"Girls",1996,16,155.414715735642,155.240993583994,155.587061502239,0.0882419293166161
"Girls",1996,17,155.981420880497,155.805743099682,156.154806067419,0.088984590447883
"Girls",1996,18,156.377884942523,156.206015831587,156.546168757424,0.0861168711361129
"Girls",1996,19,156.837110639623,156.665728760271,157.007222811544,0.0860522118693626
"Girls",1997,5,106.402618177098,106.082808170979,106.736239316376,0.164313682232715
"Girls",1997,6,112.302789585703,112.031924569999,112.576197322124,0.137038503257504
"Girls",1997,7,117.740463083661,117.499520730573,117.981494901362,0.121789700340858
"Girls",1997,8,123.012483187676,122.78930510039,123.234619728264,0.11433953164744
"Girls",1997,9,128.407347084763,128.199128324306,128.617006307977,0.106474272316862
"Girls",1997,10,134.336835933468,134.133253126381,134.540799127759,0.102241383618021
"Girls",1997,11,140.542736955193,140.348577355831,140.736714291665,0.0987401007013296
"Girls",1997,12,146.139547934716,145.948670200838,146.330912120945,0.0986357244608931
"Girls",1997,13,150.14566387807,149.963825467271,150.329742338178,0.0934286338274276
"Girls",1997,14,152.754382514648,152.578198158587,152.929673054843,0.0901999216586571
"Girls",1997,15,154.475603910377,154.307657714206,154.64311208535,0.0865315332110368
"Girls",1997,16,155.45034013615,155.28205000364,155.617356832446,0.0855684201401797
"Girls",1997,17,156.015848646641,155.845965042048,156.183647454743,0.0865756497325573
"Girls",1997,18,156.410505094933,156.240925158279,156.574599100775,0.0836396753921576
"Girls",1997,19,156.870728203829,156.701545198416,157.038151225169,0.0843072435670507
"Girls",1998,5,106.528715203758,106.212536860675,106.862426680933,0.164401993888357
"Girls",1998,6,112.425238924645,112.153988365267,112.694528162999,0.13656399178259
"Girls",1998,7,117.850996343181,117.611113088908,118.08939145798,0.12108660297658
"Girls",1998,8,123.106525388404,122.884196026479,123.330937618201,0.113695696155898
"Girls",1998,9,128.48545242942,128.278436956488,128.692498052766,0.105596644825984
"Girls",1998,10,134.435675699858,134.238181524931,134.635958605848,0.101131961571797
"Girls",1998,11,140.629861120197,140.440186639111,140.821313492229,0.0975189395675244
"Girls",1998,12,146.216257879797,146.027514767387,146.403956267109,0.0972457389303171
"Girls",1998,13,150.211692105685,150.033723368125,150.390990668021,0.0919693550615059
"Girls",1998,14,152.811987976145,152.639607700049,152.985977836123,0.0886382629428523
"Girls",1998,15,154.520648024825,154.355204140734,154.686864242627,0.0847461589899732
"Girls",1998,16,155.494991041847,155.332207945932,155.657510508184,0.083412876568571
"Girls",1998,17,156.058928130356,155.892236314187,156.220184744239,0.0842165771740424
"Girls",1998,18,156.451303283403,156.287526254759,156.614690730034,0.0817779629496184
"Girls",1998,19,156.908958910092,156.746449427889,157.073028973301,0.0829301353795897
"Girls",1999,5,106.644475435418,106.323861981837,106.976982491133,0.164904779471645
"Girls",1999,6,112.543629717328,112.277240769221,112.813858785855,0.13653743202091
"Girls",1999,7,117.965165600251,117.727755982919,118.204672427447,0.120599246063503
"Girls",1999,8,123.20843936091,122.987003258287,123.433514744968,0.11309244667684
"Girls",1999,9,128.570876741464,128.363426304727,128.77686438965,0.104950108793936
"Girls",1999,10,134.543000931679,134.347404737814,134.737260591414,0.100051879813866
"Girls",1999,11,140.725185345719,140.537209587073,140.915908316214,0.0965555116257623
"Girls",1999,12,146.299316291265,146.110329427844,146.488543630301,0.0960601014260421
"Girls",1999,13,150.283857887146,150.106907975712,150.457820286361,0.0905113634893156
"Girls",1999,14,152.873116523428,152.705836583554,153.045528728884,0.0870778997581052
"Girls",1999,15,154.574848727724,154.416255682038,154.740378065363,0.0830693827068967
"Girls",1999,16,155.54557831838,155.387486384171,155.704415348927,0.0817571812933293
"Girls",1999,17,156.108280677005,155.943934588494,156.26741134846,0.082353503951513
"Girls",1999,18,156.498713935822,156.338994019827,156.658306760074,0.0799271334437717
"Girls",1999,19,156.954145899005,156.791157648222,157.116597661828,0.0823139818683888
"Girls",2000,5,106.749680941116,106.425237076894,107.082075012287,0.165551066369921
"Girls",2000,6,112.653203634628,112.388121473606,112.922814754277,0.13693907403419
"Girls",2000,7,118.076940747778,117.842480424893,118.313247301963,0.120501345218382
"Girls",2000,8,123.315856475658,123.095537148234,123.540936776331,0.112669293426667
"Girls",2000,9,128.666198107721,128.463471721892,128.870221280687,0.104425039775375
"Girls",2000,10,134.656592500548,134.46348046725,134.852251774072,0.0990801663011079
"Girls",2000,11,140.824524117503,140.639170085009,141.014764123349,0.0955902821748853
"Girls",2000,12,146.386237614599,146.200723238251,146.573340748197,0.0952857003323843
"Girls",2000,13,150.358265842636,150.183366097005,150.532383738798,0.0892104563260098
"Girls",2000,14,152.936620189716,152.772578521864,153.104282862239,0.0854929162256871
"Girls",2000,15,154.639766298939,154.483934502666,154.800345281237,0.0815243093340958
"Girls",2000,16,155.602727967985,155.447116847256,155.761637021738,0.0802816494513607
"Girls",2000,17,156.161371374621,156.002012003738,156.318210882988,0.0810031597478431
"Girls",2000,18,156.550679170051,156.39266262903,156.704883339549,0.078608007623486
"Girls",2000,19,157.004689062232,156.842760592559,157.163929997221,0.0816910189152827
"Girls",2001,5,106.847833635308,106.525239802566,107.180246483942,0.16647058266642
"Girls",2001,6,112.752842371701,112.484947070614,113.02125332608,0.137598766985594
"Girls",2001,7,118.180566025883,117.94214497364,118.417255484146,0.12077363965818
"Girls",2001,8,123.421688026139,123.201487721384,123.641841009937,0.112605824478733
"Girls",2001,9,128.767962259882,128.564116868074,128.968537403758,0.104102322661176
"Girls",2001,10,134.773775987037,134.579086267924,134.967024718945,0.0982849494056897
"Girls",2001,11,140.92611902922,140.741333752781,141.114796336189,0.0947983368358599
"Girls",2001,12,146.473397497814,146.28815631531,146.660920988353,0.0945183170769935
"Girls",2001,13,150.433089162842,150.258459080012,150.606345441902,0.088410847044211
"Girls",2001,14,152.999333240138,152.833479481815,153.162074921155,0.0839974686994031
"Girls",2001,15,154.718451114005,154.56416389716,154.875329554848,0.0801905587833515
"Girls",2001,16,155.670803995679,155.519299017627,155.824808545443,0.0790162992778525
"Girls",2001,17,156.22131574864,156.068290645112,156.377259365744,0.0799485680052432
"Girls",2001,18,156.606844005408,156.451778502489,156.761911024046,0.0778025625246445
"Girls",2001,19,157.060580683209,156.900321026445,157.220119604849,0.081806899129347
"Girls",2002,5,106.946220978738,106.620141787925,107.281992325958,0.167415296785467
"Girls",2002,6,112.845432649947,112.578766069833,113.118727143156,0.138660855895675
"Girls",2002,7,118.274341823896,118.036305039284,118.511063614105,0.121320772516625
"Girls",2002,8,123.519474263324,123.301888796263,123.738595716443,0.112829496935499
"Girls",2002,9,128.868312641964,128.663708536414,129.06789786838,0.104079307612241
"Girls",2002,10,134.888687706763,134.695003117267,135.081039880724,0.0977316738105796
"Girls",2002,11,141.029549844512,140.844781024205,141.214577762642,0.0942398841905097
"Girls",2002,12,146.561456016074,146.379490863615,146.745355073864,0.0939735133972929
"Girls",2002,13,150.507176509143,150.335777637756,150.679551458932,0.0876779484659207
"Girls",2002,14,153.061891813059,152.897365766588,153.2239511623,0.0830737512868259
"Girls",2002,15,154.811214853823,154.65768649448,154.9665791092,0.0791111517781747
"Girls",2002,16,155.752553036747,155.600699674265,155.906511598497,0.0780607067596762
"Girls",2002,17,156.292136717809,156.138995567752,156.44508817336,0.0792069461685398
"Girls",2002,18,156.669957099432,156.51798484366,156.823200372792,0.0774355338527161
"Girls",2002,19,157.120957588626,156.959651109752,157.282779904443,0.0823497999026597
"Girls",2003,5,107.052783792606,106.723002951289,107.383039622679,0.168545994119241
"Girls",2003,6,112.939916660996,112.669879883658,113.212736392436,0.13964490554841
"Girls",2003,7,118.362875090201,118.122761970771,118.59882355611,0.122244099958001
"Girls",2003,8,123.609312067254,123.393144991019,123.830425372357,0.113251702648912
"Girls",2003,9,128.962551948208,128.759411550216,129.164208734065,0.104276683620514
"Girls",2003,10,134.994386025354,134.804646695431,135.184948804734,0.0974467992430573
"Girls",2003,11,141.131403694978,140.949303948868,141.314841142339,0.0939828573230575
"Girls",2003,12,146.652355055356,146.469911079066,146.833435964755,0.0936733645593463
"Girls",2003,13,150.583632832429,150.413350552855,150.753395351081,0.0871959917159679
"Girls",2003,14,153.125551146191,152.964019252751,153.286862565446,0.0823273472973847
"Girls",2003,15,154.916110327309,154.76170966956,155.072017821994,0.0788005923816781
"Girls",2003,16,155.844831879249,155.695453764364,155.995842586223,0.0772939908305516
"Girls",2003,17,156.373432729151,156.221101000336,156.527667822727,0.078777302830681
"Girls",2003,18,156.740977400954,156.589666305587,156.893847343182,0.0774350526980259
"Girls",2003,19,157.185350772686,157.020005808202,157.347938580369,0.0833730635919114
"Girls",2004,5,107.172730176271,106.846881629764,107.506973699925,0.169248119923457
"Girls",2004,6,113.044676821774,112.772178478447,113.320383111282,0.140626121465113
"Girls",2004,7,118.455582743939,118.218465310536,118.693888538677,0.123017486645912
"Girls",2004,8,123.696294041146,123.477859878394,123.917046766746,0.113957900687993
"Girls",2004,9,129.051269816988,128.845177820318,129.256010053756,0.104632048389442
"Girls",2004,10,135.088294832616,134.899614469407,135.278853673562,0.0974577247623317
"Girls",2004,11,141.227954517498,141.047616094712,141.412748978647,0.0939048453182447
"Girls",2004,12,146.745893495214,146.560805231918,146.926340209689,0.0936950467644486
"Girls",2004,13,150.667331781159,150.497421973741,150.836699474871,0.0870444170608011
"Girls",2004,14,153.196280772032,153.03394512382,153.354391793096,0.0818644790678098
"Girls",2004,15,155.027771846927,154.871050503222,155.182317720534,0.0787623954357156
"Girls",2004,16,155.944335567478,155.792960974451,156.09594460359,0.077242809189284
"Girls",2004,17,156.460745926601,156.308304295333,156.614922754384,0.0783987985478653
"Girls",2004,18,156.818125854021,156.669062734976,156.971804343212,0.0776899399615801
"Girls",2004,19,157.253024327884,157.08274010211,157.416154876467,0.0846201060848944
"Girls",2005,5,107.309474587707,106.981228812798,107.642662306944,0.169811367981739
"Girls",2005,6,113.164866828786,112.888302619836,113.443134869775,0.141007456230077
"Girls",2005,7,118.560755953719,118.32252643054,118.802319461328,0.123749506923428
"Girls",2005,8,123.789759943585,123.569201100091,124.014656114512,0.114516534854915
"Girls",2005,9,129.139496014363,128.935634365785,129.34614741988,0.105237644270009
"Girls",2005,10,135.172716502409,134.982169766084,135.365017238349,0.0977431515701802
"Girls",2005,11,141.317102093732,141.135103880646,141.500955657819,0.0941162440928907
"Girls",2005,12,146.838699403874,146.653948655296,147.02010234178,0.0938238765583486
"Girls",2005,13,150.7583479677,150.585560477729,150.924039240168,0.0872497870040758
"Girls",2005,14,153.278853781509,153.114396937407,153.438449870992,0.0818288502208038
"Girls",2005,15,155.143293957086,154.987462288457,155.299265811392,0.0788983670816921
"Girls",2005,16,156.046552711358,155.893608804892,156.19878407528,0.0773889150333916
"Girls",2005,17,156.55154799632,156.398932438322,156.707539469055,0.0786398730063315
"Girls",2005,18,156.897541297019,156.746603465615,157.050612497388,0.0778761356608473
"Girls",2005,19,157.322620167345,157.150155953928,157.489082338627,0.0858226478895196
"Girls",2006,5,107.461610587291,107.135367633855,107.796933536405,0.170818329829905
"Girls",2006,6,113.303842746992,113.027240558695,113.580431442331,0.141121569409873
"Girls",2006,7,118.683432917413,118.446170163145,118.922119175937,0.12394648160997
"Girls",2006,8,123.897851058334,123.677808058351,124.12261853506,0.115092847237894
"Girls",2006,9,129.236429777811,129.032457663655,129.444093344386,0.105766804264867
"Girls",2006,10,135.251979809786,135.056736132704,135.445221831656,0.0985235544702497
"Girls",2006,11,141.398627519027,141.212903212725,141.582534838756,0.09459401861768
"Girls",2006,12,146.925948995421,146.740053763868,147.106132880643,0.0942302471893212
"Girls",2006,13,150.850506293867,150.680796586833,151.017833502468,0.0875659157502872
"Girls",2006,14,153.370594638364,153.207376091611,153.52674821973,0.0821636240139616
"Girls",2006,15,155.25982228742,155.10315965598,155.412100767645,0.0792738748279173
"Girls",2006,16,156.149731308633,155.998111674295,156.302736395398,0.077605809465996
"Girls",2006,17,156.642351803517,156.486344464314,156.799951266074,0.0789694441269099
"Girls",2006,18,156.977607667543,156.823668976998,157.131293519707,0.0785481998679867
"Girls",2006,19,157.391087093774,157.218912425658,157.55452237339,0.0866870133096688
"Girls",2007,5,107.627078291005,107.296074334912,107.969660848121,0.172336862041244
"Girls",2007,6,113.459593877154,113.183259917557,113.74031560393,0.141853585192426
"Girls",2007,7,118.826392066283,118.586989107574,119.06364783212,0.123926753214835
"Girls",2007,8,124.025000473824,123.806079494982,124.247894466962,0.115299143502468
"Girls",2007,9,129.349601907162,129.144879634419,129.555088577111,0.106420446563807
"Girls",2007,10,135.332826162221,135.134810890114,135.529091500423,0.099411357669762
"Girls",2007,11,141.47485850481,141.285017515941,141.662460106297,0.0955861257120424
"Girls",2007,12,147.005398373892,146.818004762252,147.186989765943,0.0948542991499517
"Girls",2007,13,150.936844241079,150.764123808104,151.106073747588,0.0881538509191131
"Girls",2007,14,153.463199695116,153.298591248283,153.622721053405,0.0826604996244061
"Girls",2007,15,155.371669042257,155.21423106943,155.523969834353,0.0798532996014888
"Girls",2007,16,156.253545778,156.100043251395,156.405754405265,0.0779188363942622
"Girls",2007,17,156.733812595736,156.577990011191,156.887995480677,0.0793022664842008
"Girls",2007,18,157.057109032506,156.900965495308,157.21471889968,0.0792424929345596
"Girls",2007,19,157.459067676463,157.28572964145,157.624868487303,0.0876579764583139
"Girls",2008,5,107.798428992204,107.469124191945,108.147566143139,0.174365611311071
"Girls",2008,6,113.629097396628,113.351781658765,113.910700382492,0.143306696951209
"Girls",2008,7,118.986651185697,118.743633875552,119.232109315124,0.124663321124334
"Girls",2008,8,124.17308650977,123.952224337965,124.39597519607,0.115435691210763
"Girls",2008,9,129.482567985232,129.276444833281,129.691336659079,0.106780438986319
"Girls",2008,10,135.422990131304,135.223433250165,135.620629671689,0.100571343414502
"Girls",2008,11,141.554482066264,141.362450331899,141.743992072129,0.0966510569723439
"Girls",2008,12,147.081332388805,146.894651127041,147.267254003644,0.0959433690768282
"Girls",2008,13,151.01708082493,150.840994813985,151.188356503405,0.0889085448998306
"Girls",2008,14,153.551538278482,153.386349092176,153.714566813335,0.0834047839454912
"Girls",2008,15,155.472152988756,155.312846656559,155.627291527134,0.0805586033302874
"Girls",2008,16,156.354509520201,156.200802363759,156.50509733275,0.078438805601667
"Girls",2008,17,156.827551924458,156.671540600323,156.98340107792,0.0796314835239253
"Girls",2008,18,157.138665383033,156.979610140072,157.294748905015,0.0798889699749917
"Girls",2008,19,157.527399545222,157.350458900353,157.696590847108,0.0885312348881343
"Girls",2009,5,107.971636222805,107.63980137075,108.325789893223,0.176911541300704
"Girls",2009,6,113.803750795382,113.52699977027,114.099526811162,0.145518576966
"Girls",2009,7,119.160089905445,118.91703088707,119.408768873084,0.1263329127854
"Girls",2009,8,124.338051850586,124.111742069004,124.564411164294,0.116475201178851
"Girls",2009,9,129.636203537823,129.429695824183,129.843069386322,0.107230610031266
"Girls",2009,10,135.527110180912,135.329528490121,135.724145890426,0.101520927261514
"Girls",2009,11,141.645209995582,141.451048807011,141.834712080463,0.0979582707274217
"Girls",2009,12,147.162418888502,146.974245257787,147.35217025296,0.0971140481891195
"Girls",2009,13,151.095475621467,150.917047273198,151.273599347626,0.0900311981213592
"Girls",2009,14,153.635316238762,153.467375525723,153.802827825789,0.0842823059760788
"Girls",2009,15,155.559299593372,155.39799277789,155.717492372094,0.0813292301929122
"Girls",2009,16,156.448977410919,156.293859687573,156.602490246521,0.0792669936654307
"Girls",2009,17,156.922972514084,156.767318752393,157.077930053695,0.0802547309330487
"Girls",2009,18,157.226555106462,157.069715849679,157.386081685135,0.0805140084120812
"Girls",2009,19,157.601602704005,157.424733711855,157.772029521406,0.0893188570309625
"Girls",2010,5,108.145177921192,107.805671872465,108.506307486764,0.180235748004133
"Girls",2010,6,113.979100304981,113.699268344062,114.280604149541,0.148652045215586
"Girls",2010,7,119.337761255888,119.09146957297,119.593078982703,0.129046719707731
"Girls",2010,8,124.515450832256,124.286335441056,124.749909858182,0.118622886072328
"Girls",2010,9,129.806110234645,129.596162366561,130.019536152995,0.108846043425659
"Girls",2010,10,135.64830704698,135.448465517834,135.848687922604,0.102683281921463
"Girls",2010,11,141.75183153016,141.553884593216,141.945445421892,0.0991216423648253
"Girls",2010,12,147.256508754907,147.062571212868,147.446139425112,0.0985467161394041
"Girls",2010,13,151.180867711332,150.998579400218,151.358675871313,0.0914225876773392
"Girls",2010,14,153.718979441813,153.549324447791,153.888640974557,0.0854379209217285
"Girls",2010,15,155.636098805986,155.475260481863,155.798358219032,0.082233817414146
"Girls",2010,16,156.535099540706,156.377309110705,156.690576938703,0.0802082518060983
"Girls",2010,17,157.016599061044,156.856796269345,157.17466766954,0.0813328889868296
"Girls",2010,18,157.320527031821,157.160688923505,157.481203327476,0.0815365398711468
"Girls",2010,19,157.686310441206,157.507339487649,157.857582993569,0.0901326535638352
"Girls",2011,5,108.316519057856,107.967674830558,108.68427458873,0.184385530004552
"Girls",2011,6,114.154405557698,113.865737672248,114.458916357969,0.152969093240336
"Girls",2011,7,119.515981506097,119.2641532783,119.783280538718,0.132994023742521
"Girls",2011,8,124.697131028359,124.463591326174,124.938151764428,0.121977171753269
"Girls",2011,9,129.988624363766,129.772436318887,130.212326800373,0.111761975087664
"Girls",2011,10,135.785403229897,135.578074418201,135.990241332781,0.105120194213944
"Girls",2011,11,141.877905077723,141.677605148159,142.074631566963,0.100711534327335
"Girls",2011,12,147.368783905839,147.169854141153,147.563390793355,0.0999568097169594
"Girls",2011,13,151.281468104061,151.098335224104,151.459297796698,0.0932437353587357
"Girls",2011,14,153.811737533625,153.638390734539,153.981922942362,0.0871420060573977
"Girls",2011,15,155.707043874714,155.542448449383,155.871193739019,0.0834877353676814
"Girls",2011,16,156.612682654268,156.454447261653,156.771603080557,0.0814029835483946
"Girls",2011,17,157.103511560916,156.945386142401,157.264226192392,0.0825359542348909
"Girls",2011,18,157.414271115416,157.25457947992,157.580158608782,0.0830352045203432
"Girls",2011,19,157.778719272447,157.597515539922,157.952295877794,0.0914322480732953
"Girls",2012,5,108.483701753779,108.125337657989,108.860533521512,0.18982920354222
"Girls",2012,6,114.327112737267,114.027331288072,114.643321922633,0.158334997636359
"Girls",2012,7,119.69395998218,119.43031157532,119.970507803663,0.138363131153404
"Girls",2012,8,124.879290749419,124.636985023491,125.129188255299,0.126742383253371
"Girls",2012,9,130.175406518528,129.951289891777,130.402010656588,0.115915689229764
"Girls",2012,10,135.937026349465,135.720372210957,136.146441443491,0.10881350733654
"Girls",2012,11,142.022025461942,141.816793292554,142.224777179293,0.103672764541039
"Girls",2012,12,147.502644212943,147.298625048987,147.701478004207,0.102041738710128
"Girls",2012,13,151.402290470839,151.213973864559,151.586632796143,0.0951300857908616
"Girls",2012,14,153.921615566206,153.745522813894,154.096783069947,0.0894786694643428
"Girls",2012,15,155.779142557243,155.609602236439,155.946007619065,0.0854260186585706
"Girls",2012,16,156.684364002628,156.520577913405,156.847246592289,0.0830154035633915
"Girls",2012,17,157.181829509765,157.022667774185,157.34621700015,0.0840667669501216
"Girls",2012,18,157.50121493492,157.340210874404,157.666972055656,0.0846721496531316
"Girls",2012,19,157.870928845151,157.687386082594,158.05218123712,0.0931413401144146
"Girls",2013,5,108.648101287278,108.27514188038,109.043885998378,0.197202479846188
"Girls",2013,6,114.494220788237,114.177327619904,114.817153516663,0.165340491229343
"Girls",2013,7,119.868032505726,119.588569402494,120.153742588838,0.145040142378753
"Girls",2013,8,125.059895237931,124.803940074037,125.321873177887,0.133032119462599
"Girls",2013,9,130.361265216561,130.124973954462,130.595228584731,0.12156724698042
"Girls",2013,10,136.096199841795,135.870979099067,136.315475348599,0.113596428331388
"Girls",2013,11,142.181773003898,141.969986887397,142.39362471873,0.107872751412121
"Girls",2013,12,147.655651179564,147.445413137677,147.861905796597,0.105474083945612
"Girls",2013,13,151.545751497922,151.349090007539,151.73617965732,0.0979371928586388
"Girls",2013,14,154.052627340052,153.871332646833,154.229176735048,0.0919423917214281
"Girls",2013,15,155.861106284654,155.687272536614,156.035196986034,0.088036525581847
"Girls",2013,16,156.759774297207,156.591561770122,156.924889591987,0.0853973757721869
"Girls",2013,17,157.256729882321,157.090890383037,157.427160250808,0.0860820253229767
"Girls",2013,18,157.581960948699,157.418053450011,157.752411865742,0.0867421359788072
"Girls",2013,19,157.958717323829,157.771183731197,158.14507301662,0.095134441374056
"Girls",2014,5,108.808008343728,108.40968636938,109.225668805254,0.207222865115027
"Girls",2014,6,114.657229915479,114.316870273799,114.9983148402,0.174476460673395
"Girls",2014,7,120.035149292073,119.73653327825,120.333928237708,0.153564097969135
"Girls",2014,8,125.235105862364,124.967531934589,125.508013191258,0.140779748030091
"Girls",2014,9,130.543843070236,130.291254325053,130.795378113751,0.128802277410826
"Girls",2014,10,136.259357342434,136.022479174037,136.491863285702,0.119737839092831
"Girls",2014,11,142.349105437823,142.123320682698,142.572832853876,0.113242599292508
"Girls",2014,12,147.82434568171,147.60738867422,148.042276743476,0.110117528150369
"Girls",2014,13,151.708371567632,151.502179253632,151.905344552997,0.102112170429825
"Girls",2014,14,154.206170236523,154.019088690842,154.391486554691,0.0955006408117763
"Girls",2014,15,155.958682138348,155.77806022554,156.138921981067,0.0908698398875311
"Girls",2014,16,156.847738722909,156.675081795257,157.022790953823,0.0884606681163107
"Girls",2014,17,157.338003918397,157.166581363579,157.513394098014,0.0888434352387481
"Girls",2014,18,157.661887806401,157.491160962301,157.836919516244,0.0892591740937708
"Girls",2014,19,158.042919212149,157.851596035236,158.233674784319,0.0976556772602172
"Girls",2015,5,108.962589026539,108.538888692467,109.399206069877,0.220447206074316
"Girls",2015,6,114.815008339194,114.454143143141,115.173707390826,0.186417360001492
"Girls",2015,7,120.197277900967,119.877554884779,120.516148042887,0.164307664282015
"Girls",2015,8,125.402229705651,125.111471326124,125.697678372222,0.150449265514045
"Girls",2015,9,130.719648790701,130.451637641041,130.987708289229,0.137497289775749
"Girls",2015,10,136.425174281822,136.172437546489,136.67109393154,0.127336091895696
"Girls",2015,11,142.519834618915,142.2819711797,142.754882664587,0.119941470185422
"Girls",2015,12,148.000049299965,147.769328004119,148.232518412198,0.115974388099924
"Girls",2015,13,151.886007614207,151.670730639735,152.099390966643,0.10764690665809
"Girls",2015,14,154.378054241866,154.177088932847,154.574393434353,0.100421341068782
"Girls",2015,15,156.075715814822,155.888619030925,156.262014384361,0.094869496344217
"Girls",2015,16,156.953768197956,156.775458655264,157.133533919114,0.0918618999985604
"Girls",2015,17,157.434207701229,157.256249558864,157.614036966519,0.0922406012741004
"Girls",2015,18,157.750543157497,157.572494301834,157.932640741493,0.092463139506982
"Girls",2015,19,158.128691894318,157.932996841203,158.327757343024,0.100489220257269
"Girls",2016,5,109.112179416421,108.660051645262,109.573777974665,0.23717044578832
"Girls",2016,6,114.967689644398,114.58194469358,115.353306585397,0.201584546143415
"Girls",2016,7,120.354218502954,120.007304925824,120.693309592146,0.177798903633845
"Girls",2016,8,125.564211058163,125.246730328277,125.881013553746,0.162316245486358
"Girls",2016,9,130.886999680582,130.594367944275,131.179838463623,0.148146877063457
"Girls",2016,10,136.591102594272,136.323516796355,136.855803934306,0.136194117803105
"Girls",2016,11,142.693254715673,142.438491863952,142.946745388794,0.128110595442608
"Girls",2016,12,148.179140057608,147.937571816765,148.420860660191,0.123076542023413
"Girls",2016,13,152.070546167028,151.84508734064,152.295359162959,0.114311914675283
"Girls",2016,14,154.564669180424,154.354427269165,154.773519711308,0.106820373419878
"Girls",2016,15,156.211299767629,156.013941568045,156.40632221713,0.100243426779702
"Girls",2016,16,157.081679081741,156.891259357781,157.270902224145,0.0964579689716109
"Girls",2016,17,157.550758455045,157.364878219355,157.739348162487,0.0960429627426562
"Girls",2016,18,157.856353352894,157.671844166205,158.047148125503,0.0963091571890848
"Girls",2016,19,158.225464295246,158.024297631764,158.428157047111,0.1039681038017
"Girls",2017,5,109.258769432678,108.768667585452,109.763695370908,0.257507482627581
"Girls",2017,6,115.11545016867,114.701425698963,115.537044793115,0.220289769842498
"Girls",2017,7,120.50589457749,120.137240630096,120.877202465245,0.194429190420725
"Girls",2017,8,125.720670328555,125.381920838441,126.06242436201,0.176793058210292
"Girls",2017,9,131.048757666069,130.732191589595,131.358560202595,0.16090860387218
"Girls",2017,10,136.754930519191,136.465264963214,137.042402031816,0.14689347430903
"Girls",2017,11,142.866426214142,142.597523545161,143.137447798704,0.137462465555327
"Girls",2017,12,148.360381774794,148.102650768388,148.621815072127,0.131614319601342
"Girls",2017,13,152.257737506228,152.017689062533,152.499615348029,0.122099894832296
"Girls",2017,14,154.757249564437,154.533362412305,154.982273425841,0.114214763835581
"Girls",2017,15,156.363864913508,156.156669027052,156.574002371547,0.107035585690684
"Girls",2017,16,157.229717607883,157.027671889274,157.427775225776,0.102403171399219
"Girls",2017,17,157.690651290684,157.493720831631,157.887966605836,0.100981822656399
"Girls",2017,18,157.98390836304,157.792538769827,158.179351744446,0.100522650350647
"Girls",2017,19,158.340892987765,158.13358040884,158.550725875406,0.108158622605455
"Girls",2018,5,109.402442366921,108.868471324568,109.951739093493,0.281428582811884
"Girls",2018,6,115.259131843268,114.795675624649,115.730463579324,0.242592782253512
"Girls",2018,7,120.651325963351,120.243595134319,121.063515446001,0.214490153364606
"Girls",2018,8,125.870368485831,125.50173742189,126.24802580667,0.194273645736103
"Girls",2018,9,131.203402661272,130.864256204978,131.541294940556,0.176173475121732
"Girls",2018,10,136.917588792372,136.60631764273,137.229243240798,0.159581716533479
"Girls",2018,11,143.03565490866,142.748310494433,143.327670107037,0.148584037966756
"Girls",2018,12,148.539255131339,148.2621064072,148.814373999859,0.141274092995302
"Girls",2018,13,152.444678978219,152.19031707673,152.703569302199,0.131228229717907
"Girls",2018,14,154.949856586026,154.71097808036,155.192563174273,0.122577959371448
"Girls",2018,15,156.525896702886,156.303075973493,156.752935462393,0.114728941205249
"Girls",2018,16,157.394796416381,157.180765807376,157.610357043231,0.109552799322339
"Girls",2018,17,157.850628640651,157.64327608698,158.057907897429,0.10715777947543
"Girls",2018,18,158.134824014121,157.935450377628,158.339372038323,0.105740532526053
"Girls",2018,19,158.47832969483,158.263075125846,158.698341444079,0.112549105105405
"Girls",2019,5,109.541676679828,108.953969376843,110.14644321795,0.308300323851398
"Girls",2019,6,115.398119979595,114.886170997059,115.91524759455,0.26838426547319
"Girls",2019,7,120.790683951776,120.339933731476,121.249372310168,0.238038667566471
"Girls",2019,8,126.01172170753,125.601444487303,126.427858509027,0.215053782352314
"Girls",2019,9,131.349152850971,130.978857737566,131.723231020065,0.194284222793983
"Girls",2019,10,137.076855097059,136.737830356609,137.417012213301,0.174715419783127
"Girls",2019,11,143.201525339874,142.892686553565,143.51654878068,0.161655035138055
"Girls",2019,12,148.711637208893,148.415857334142,149.009008374695,0.152607053750182
"Girls",2019,13,152.62642835968,152.348943611902,152.903316539343,0.141405638721109
"Girls",2019,14,155.139181721546,154.884429895402,155.401298479032,0.132137101207572
"Girls",2019,15,156.693073197084,156.451628490559,156.937102297744,0.123194955934378
"Girls",2019,16,157.567921769527,157.338880916317,157.79717197394,0.117533636853191
"Girls",2019,17,158.026194787039,157.806716392814,158.248452008654,0.114290630225347
"Girls",2019,18,158.304537661364,158.089668267268,158.519990120487,0.112038644655679
"Girls",2019,19,158.638268921939,158.410585960331,158.865254200571,0.117713098817961
